,sentence,word,word_length
0,0,at,2
1,0,half-past,9
2,0,eight,5
3,0,they,4
4,0,drove,5
5,0,out,3
6,0,of,2
7,0,the,3
8,0,town,4
9,1,the,3
10,1,highroad,8
11,1,was,3
12,1,dry,3
13,1,a,1
14,1,lovely,6
15,1,april,5
16,1,sun,3
17,1,was,3
18,1,shining,7
19,1,warmly,6
20,1,but,3
21,1,the,3
22,1,snow,4
23,1,was,3
24,1,still,5
25,1,lying,5
26,1,in,2
27,1,the,3
28,1,ditches,7
29,1,and,3
30,1,in,2
31,1,the,3
32,1,woods,5
33,2,winter,6
34,2,dark,4
35,2,long,4
36,2,and,3
37,2,spiteful,8
38,2,was,3
39,2,hardly,6
40,2,over,4
41,2,spring,6
42,2,had,3
43,2,come,4
44,2,all,3
45,2,of,2
46,2,a,1
47,2,sudden,6
48,3,but,3
49,3,neither,7
50,3,the,3
51,3,warmth,6
52,3,nor,3
53,3,the,3
54,3,languid,7
55,3,transparent,11
56,3,woods,5
57,3,warmed,6
58,3,by,2
59,3,the,3
60,3,breath,6
61,3,of,2
62,3,spring,6
63,3,nor,3
64,3,the,3
65,3,black,5
66,3,flocks,6
67,3,of,2
68,3,birds,5
69,3,flying,6
70,3,over,4
71,3,the,3
72,3,huge,4
73,3,puddles,7
74,3,that,4
75,3,were,4
76,3,like,4
77,3,lakes,5
78,3,nor,3
79,3,the,3
80,3,marvelous,9
81,3,fathomless,10
82,3,sky,3
83,3,into,4
84,3,which,5
85,3,it,2
86,3,seemed,6
87,3,one,3
88,3,would,5
89,3,have,4
90,3,gone,4
91,3,away,4
92,3,so,2
93,3,joyfully,8
94,3,presented,9
95,3,anything,8
96,3,new,3
97,3,or,2
98,3,interesting,11
99,3,to,2
100,3,marya,5
101,3,vassilyevna,11
102,3,who,3
103,3,was,3
104,3,sitting,7
105,3,in,2
106,3,the,3
107,3,cart,4
108,4,for,3
109,4,thirteen,8
110,4,years,5
111,4,she,3
112,4,had,3
113,4,been,4
114,4,schoolmistress,14
115,4,and,3
116,4,there,5
117,4,was,3
118,4,no,2
119,4,reckoning,9
120,4,how,3
121,4,many,4
122,4,times,5
123,4,during,6
124,4,all,3
125,4,those,5
126,4,years,5
127,4,she,3
128,4,had,3
129,4,been,4
130,4,to,2
131,4,the,3
132,4,town,4
133,4,for,3
134,4,her,3
135,4,salary,6
136,4,and,3
137,4,whether,7
138,4,it,2
139,4,were,4
140,4,spring,6
141,4,as,2
142,4,now,3
143,4,or,2
144,4,a,1
145,4,rainy,5
146,4,autumn,6
147,4,evening,7
148,4,or,2
149,4,winter,6
150,4,it,2
151,4,was,3
152,4,all,3
153,4,the,3
154,4,same,4
155,4,to,2
156,4,her,3
157,4,and,3
158,4,she,3
159,4,always—invariably—longed,24
160,4,for,3
161,4,one,3
162,4,thing,5
163,4,only,4
164,4,to,2
165,4,get,3
166,4,to,2
167,4,the,3
168,4,end,3
169,4,of,2
170,4,her,3
171,4,journey,7
172,4,as,2
173,4,quickly,7
174,4,as,2
175,4,could,5
176,4,be,2
177,5,she,3
178,5,felt,4
179,5,as,2
180,5,though,6
181,5,she,3
182,5,had,3
183,5,been,4
184,5,living,6
185,5,in,2
186,5,that,4
187,5,part,4
188,5,of,2
189,5,the,3
190,5,country,7
191,5,for,3
192,5,ages,4
193,5,and,3
194,5,ages,4
195,5,for,3
196,5,a,1
197,5,hundred,7
198,5,years,5
199,5,and,3
200,5,it,2
201,5,seemed,6
202,5,to,2
203,5,her,3
204,5,that,4
205,5,she,3
206,5,knew,4
207,5,every,5
208,5,stone,5
209,5,every,5
210,5,tree,4
211,5,on,2
212,5,the,3
213,5,road,4
214,5,from,4
215,5,the,3
216,5,town,4
217,5,to,2
218,5,her,3
219,5,school,6
220,6,her,3
221,6,past,4
222,6,was,3
223,6,here,4
224,6,her,3
225,6,present,7
226,6,was,3
227,6,here,4
228,6,and,3
229,6,she,3
230,6,could,5
231,6,imagine,7
232,6,no,2
233,6,other,5
234,6,future,6
235,6,than,4
236,6,the,3
237,6,school,6
238,6,the,3
239,6,road,4
240,6,to,2
241,6,the,3
242,6,town,4
243,6,and,3
244,6,back,4
245,6,again,5
246,6,and,3
247,6,again,5
248,6,the,3
249,6,school,6
250,6,and,3
251,6,again,5
252,6,the,3
253,6,road,4
254,7,she,3
255,7,had,3
256,7,got,3
257,7,out,3
258,7,of,2
259,7,the,3
260,7,habit,5
261,7,of,2
262,7,thinking,8
263,7,of,2
264,7,her,3
265,7,past,4
266,7,before,6
267,7,she,3
268,7,became,6
269,7,a,1
270,7,schoolmistress,14
271,7,and,3
272,7,had,3
273,7,almost,6
274,7,forgotten,9
275,7,it,2
276,8,she,3
277,8,had,3
278,8,once,4
279,8,had,3
280,8,a,1
281,8,father,6
282,8,and,3
283,8,mother,6
284,8,they,4
285,8,had,3
286,8,lived,5
287,8,in,2
288,8,moscow,6
289,8,in,2
290,8,a,1
291,8,big,3
292,8,flat,4
293,8,near,4
294,8,the,3
295,8,red,3
296,8,gate,4
297,8,but,3
298,8,of,2
299,8,all,3
300,8,that,4
301,8,life,4
302,8,there,5
303,8,was,3
304,8,left,4
305,8,in,2
306,8,her,3
307,8,memory,6
308,8,only,4
309,8,something,9
310,8,vague,5
311,8,and,3
312,8,fluid,5
313,8,like,4
314,8,a,1
315,8,dream,5
316,9,her,3
317,9,father,6
318,9,had,3
319,9,died,4
320,9,when,4
321,9,she,3
322,9,was,3
323,9,ten,3
324,9,years,5
325,9,old,3
326,9,and,3
327,9,her,3
328,9,mother,6
329,9,had,3
330,9,died,4
331,9,soon,4
332,9,after,5
333,10,she,3
334,10,had,3
335,10,a,1
336,10,brother,7
337,10,an,2
338,10,officer,7
339,10,at,2
340,10,first,5
341,10,they,4
342,10,used,4
343,10,to,2
344,10,write,5
345,10,to,2
346,10,each,4
347,10,other,5
348,10,then,4
349,10,her,3
350,10,brother,7
351,10,had,3
352,10,given,5
353,10,up,2
354,10,answering,9
355,10,her,3
356,10,letters,7
357,10,he,2
358,10,had,3
359,10,got,3
360,10,out,3
361,10,of,2
362,10,the,3
363,10,way,3
364,10,of,2
365,10,writing,7
366,11,of,2
367,11,her,3
368,11,old,3
369,11,belongings,10
370,11,all,3
371,11,that,4
372,11,was,3
373,11,left,4
374,11,was,3
375,11,a,1
376,11,photograph,10
377,11,of,2
378,11,her,3
379,11,mother,6
380,11,but,3
381,11,it,2
382,11,had,3
383,11,grown,5
384,11,dim,3
385,11,from,4
386,11,the,3
387,11,dampness,8
388,11,of,2
389,11,the,3
390,11,school,6
391,11,and,3
392,11,now,3
393,11,nothing,7
394,11,could,5
395,11,be,2
396,11,seen,4
397,11,but,3
398,11,the,3
399,11,hair,4
400,11,and,3
401,11,the,3
402,11,eyebrows,8
403,12,when,4
404,12,they,4
405,12,had,3
406,12,driven,6
407,12,a,1
408,12,couple,6
409,12,of,2
410,12,miles,5
411,12,old,3
412,12,semyon,6
413,12,who,3
414,12,was,3
415,12,driving,7
416,12,turned,6
417,12,round,5
418,12,and,3
419,12,said,4
420,12,they,4
421,12,have,4
422,12,caught,6
423,12,a,1
424,12,government,10
425,12,clerk,5
426,12,in,2
427,12,the,3
428,12,town,4
429,13,they,4
430,13,have,4
431,13,taken,5
432,13,him,3
433,13,away,4
434,14,the,3
435,14,story,5
436,14,is,2
437,14,that,4
438,14,with,4
439,14,some,4
440,14,germans,7
441,14,he,2
442,14,killed,6
443,14,alexeyev,8
444,14,the,3
445,14,mayor,5
446,14,in,2
447,14,moscow,6
448,15,who,3
449,15,told,4
450,15,you,3
451,15,that,4
452,16,they,4
453,16,were,4
454,16,reading,7
455,16,it,2
456,16,in,2
457,16,the,3
458,16,paper,5
459,16,in,2
460,16,ivan,4
461,16,ionov’s,7
462,16,tavern,6
463,17,and,3
464,17,again,5
465,17,they,4
466,17,were,4
467,17,silent,6
468,17,for,3
469,17,a,1
470,17,long,4
471,17,time,4
472,18,marya,5
473,18,vassilyevna,11
474,18,thought,7
475,18,of,2
476,18,her,3
477,18,school,6
478,18,of,2
479,18,the,3
480,18,examination,11
481,18,that,4
482,18,was,3
483,18,coming,6
484,18,soon,4
485,18,and,3
486,18,of,2
487,18,the,3
488,18,girl,4
489,18,and,3
490,18,four,4
491,18,boys,4
492,18,she,3
493,18,was,3
494,18,sending,7
495,18,up,2
496,18,for,3
497,18,it,2
498,19,and,3
499,19,just,4
500,19,as,2
501,19,she,3
502,19,was,3
503,19,thinking,8
504,19,about,5
505,19,the,3
506,19,examination,11
507,19,she,3
508,19,was,3
509,19,overtaken,9
510,19,by,2
511,19,a,1
512,19,neighboring,11
513,19,landowner,9
514,19,called,6
515,19,hanov,5
516,19,in,2
517,19,a,1
518,19,carriage,8
519,19,with,4
520,19,four,4
521,19,horses,6
522,19,the,3
523,19,very,4
524,19,man,3
525,19,who,3
526,19,had,3
527,19,been,4
528,19,examiner,8
529,19,in,2
530,19,her,3
531,19,school,6
532,19,the,3
533,19,year,4
534,19,before,6
535,20,when,4
536,20,he,2
537,20,came,4
538,20,up,2
539,20,to,2
540,20,her,3
541,20,he,2
542,20,recognized,10
543,20,her,3
544,20,and,3
545,20,bowed,5
546,21,good-morning,12
547,21,he,2
548,21,said,4
549,21,to,2
550,21,her,3
551,22,you,3
552,22,are,3
553,22,driving,7
554,22,home,4
555,22,i,1
556,22,suppose,7
557,23,this,4
558,23,hanov,5
559,23,a,1
560,23,man,3
561,23,of,2
562,23,forty,5
563,23,with,4
564,23,a,1
565,23,listless,8
566,23,expression,10
567,23,and,3
568,23,a,1
569,23,face,4
570,23,that,4
571,23,showed,6
572,23,signs,5
573,23,of,2
574,23,wear,4
575,23,was,3
576,23,beginning,9
577,23,to,2
578,23,look,4
579,23,old,3
580,23,but,3
581,23,was,3
582,23,still,5
583,23,handsome,8
584,23,and,3
585,23,admired,7
586,23,by,2
587,23,women,5
588,24,he,2
589,24,lived,5
590,24,in,2
591,24,his,3
592,24,big,3
593,24,homestead,9
594,24,alone,5
595,24,and,3
596,24,was,3
597,24,not,3
598,24,in,2
599,24,the,3
600,24,service,7
601,24,and,3
602,24,people,6
603,24,used,4
604,24,to,2
605,24,say,3
606,24,of,2
607,24,him,3
608,24,that,4
609,24,he,2
610,24,did,3
611,24,nothing,7
612,24,at,2
613,24,home,4
614,24,but,3
615,24,walk,4
616,24,up,2
617,24,and,3
618,24,down,4
619,24,the,3
620,24,room,4
621,24,whistling,9
622,24,or,2
623,24,play,4
624,24,chess,5
625,24,with,4
626,24,his,3
627,24,old,3
628,24,footman,7
629,25,people,6
630,25,said,4
631,25,too,3
632,25,that,4
633,25,he,2
634,25,drank,5
635,25,heavily,7
636,26,and,3
637,26,indeed,6
638,26,at,2
639,26,the,3
640,26,examination,11
641,26,the,3
642,26,year,4
643,26,before,6
644,26,the,3
645,26,very,4
646,26,papers,6
647,26,he,2
648,26,brought,7
649,26,with,4
650,26,him,3
651,26,smelt,5
652,26,of,2
653,26,wine,4
654,26,and,3
655,26,scent,5
656,27,he,2
657,27,had,3
658,27,been,4
659,27,dressed,7
660,27,all,3
661,27,in,2
662,27,new,3
663,27,clothes,7
664,27,on,2
665,27,that,4
666,27,occasion,8
667,27,and,3
668,27,marya,5
669,27,vassilyevna,11
670,27,thought,7
671,27,him,3
672,27,very,4
673,27,attractive,10
674,27,and,3
675,27,all,3
676,27,the,3
677,27,while,5
678,27,she,3
679,27,sat,3
680,27,beside,6
681,27,him,3
682,27,she,3
683,27,had,3
684,27,felt,4
685,27,embarrassed,11
686,28,she,3
687,28,was,3
688,28,accustomed,10
689,28,to,2
690,28,see,3
691,28,frigid,6
692,28,and,3
693,28,sensible,8
694,28,examiners,9
695,28,at,2
696,28,the,3
697,28,school,6
698,28,while,5
699,28,this,4
700,28,one,3
701,28,did,3
702,28,not,3
703,28,remember,8
704,28,a,1
705,28,single,6
706,28,prayer,6
707,28,or,2
708,28,know,4
709,28,what,4
710,28,to,2
711,28,ask,3
712,28,questions,9
713,28,about,5
714,28,and,3
715,28,was,3
716,28,exceedingly,11
717,28,courteous,9
718,28,and,3
719,28,delicate,8
720,28,giving,6
721,28,nothing,7
722,28,but,3
723,28,the,3
724,28,highest,7
725,28,marks,5
726,29,i,1
727,29,am,2
728,29,going,5
729,29,to,2
730,29,visit,5
731,29,bakvist,7
732,29,he,2
733,29,went,4
734,29,on,2
735,29,addressing,10
736,29,marya,5
737,29,vassilyevna,11
738,29,but,3
739,29,i,1
740,29,am,2
741,29,told,4
742,29,he,2
743,29,is,2
744,29,not,3
745,29,at,2
746,29,home,4
747,30,they,4
748,30,turned,6
749,30,off,3
750,30,the,3
751,30,highroad,8
752,30,into,4
753,30,a,1
754,30,by-road,7
755,30,to,2
756,30,the,3
757,30,village,7
758,30,hanov,5
759,30,leading,7
760,30,the,3
761,30,way,3
762,30,and,3
763,30,semyon,6
764,30,following,9
765,31,the,3
766,31,four,4
767,31,horses,6
768,31,moved,5
769,31,at,2
770,31,a,1
771,31,walking,7
772,31,pace,4
773,31,with,4
774,31,effort,6
775,31,dragging,8
776,31,the,3
777,31,heavy,5
778,31,carriage,8
779,31,through,7
780,31,the,3
781,31,mud,3
782,32,semyon,6
783,32,tacked,6
784,32,from,4
785,32,side,4
786,32,to,2
787,32,side,4
788,32,keeping,7
789,32,to,2
790,32,the,3
791,32,edge,4
792,32,of,2
793,32,the,3
794,32,road,4
795,32,at,2
796,32,one,3
797,32,time,4
798,32,through,7
799,32,a,1
800,32,snowdrift,9
801,32,at,2
802,32,another,7
803,32,through,7
804,32,a,1
805,32,pool,4
806,32,often,5
807,32,jumping,7
808,32,out,3
809,32,of,2
810,32,the,3
811,32,cart,4
812,32,and,3
813,32,helping,7
814,32,the,3
815,32,horse,5
816,33,marya,5
817,33,vassilyevna,11
818,33,was,3
819,33,still,5
820,33,thinking,8
821,33,about,5
822,33,the,3
823,33,school,6
824,33,wondering,9
825,33,whether,7
826,33,the,3
827,33,arithmetic,10
828,33,questions,9
829,33,at,2
830,33,the,3
831,33,examination,11
832,33,would,5
833,33,be,2
834,33,difficult,9
835,33,or,2
836,33,easy,4
837,34,and,3
838,34,she,3
839,34,felt,4
840,34,annoyed,7
841,34,with,4
842,34,the,3
843,34,zemstvo,7
844,34,board,5
845,34,at,2
846,34,which,5
847,34,she,3
848,34,had,3
849,34,found,5
850,34,no,2
851,34,one,3
852,34,the,3
853,34,day,3
854,34,before,6
855,35,how,3
856,35,unbusiness-like,15
857,36,here,4
858,36,she,3
859,36,had,3
860,36,been,4
861,36,asking,6
862,36,them,4
863,36,for,3
864,36,the,3
865,36,last,4
866,36,two,3
867,36,years,5
868,36,to,2
869,36,dismiss,7
870,36,the,3
871,36,watchman,8
872,36,who,3
873,36,did,3
874,36,nothing,7
875,36,was,3
876,36,rude,4
877,36,to,2
878,36,her,3
879,36,and,3
880,36,hit,3
881,36,the,3
882,36,schoolboys,10
883,36,but,3
884,36,no,2
885,36,one,3
886,36,paid,4
887,36,any,3
888,36,attention,9
889,37,it,2
890,37,was,3
891,37,hard,4
892,37,to,2
893,37,find,4
894,37,the,3
895,37,president,9
896,37,at,2
897,37,the,3
898,37,office,6
899,37,and,3
900,37,when,4
901,37,one,3
902,37,did,3
903,37,find,4
904,37,him,3
905,37,he,2
906,37,would,5
907,37,say,3
908,37,with,4
909,37,tears,5
910,37,in,2
911,37,his,3
912,37,eyes,4
913,37,that,4
914,37,he,2
915,37,hadn’t,6
916,37,a,1
917,37,moment,6
918,37,to,2
919,37,spare,5
920,37,the,3
921,37,inspector,9
922,37,visited,7
923,37,the,3
924,37,school,6
925,37,at,2
926,37,most,4
927,37,once,4
928,37,in,2
929,37,three,5
930,37,years,5
931,37,and,3
932,37,knew,4
933,37,nothing,7
934,37,whatever,8
935,37,about,5
936,37,his,3
937,37,work,4
938,37,as,2
939,37,he,2
940,37,had,3
941,37,been,4
942,37,in,2
943,37,the,3
944,37,excise,6
945,37,duties,6
946,37,department,10
947,37,and,3
948,37,had,3
949,37,received,8
950,37,the,3
951,37,post,4
952,37,of,2
953,37,school,6
954,37,inspector,9
955,37,through,7
956,37,influence,9
957,38,the,3
958,38,school,6
959,38,council,7
960,38,met,3
961,38,very,4
962,38,rarely,6
963,38,and,3
964,38,there,5
965,38,was,3
966,38,no,2
967,38,knowing,7
968,38,where,5
969,38,it,2
970,38,met,3
971,38,the,3
972,38,school,6
973,38,guardian,8
974,38,was,3
975,38,an,2
976,38,almost,6
977,38,illiterate,10
978,38,peasant,7
979,38,the,3
980,38,head,4
981,38,of,2
982,38,a,1
983,38,tanning,7
984,38,business,8
985,38,unintelligent,13
986,38,rude,4
987,38,and,3
988,38,a,1
989,38,great,5
990,38,friend,6
991,38,of,2
992,38,the,3
993,38,watchman’s—and,14
994,38,goodness,8
995,38,knows,5
996,38,to,2
997,38,whom,4
998,38,she,3
999,38,could,5
1000,38,appeal,6
1001,38,with,4
1002,38,complaints,10
1003,38,or,2
1004,38,inquiries,9
1005,39,he,2
1006,39,really,6
1007,39,is,2
1008,39,handsome,8
1009,39,she,3
1010,39,thought,7
1011,39,glancing,8
1012,39,at,2
1013,39,hanov,5
1014,40,the,3
1015,40,road,4
1016,40,grew,4
1017,40,worse,5
1018,40,and,3
1019,40,worse,5
1020,41,they,4
1021,41,drove,5
1022,41,into,4
1023,41,the,3
1024,41,wood,4
1025,42,here,4
1026,42,there,5
1027,42,was,3
1028,42,no,2
1029,42,room,4
1030,42,to,2
1031,42,turn,4
1032,42,round,5
1033,42,the,3
1034,42,wheels,6
1035,42,sank,4
1036,42,deeply,6
1037,42,in,2
1038,42,water,5
1039,42,splashed,8
1040,42,and,3
1041,42,gurgled,7
1042,42,through,7
1043,42,them,4
1044,42,and,3
1045,42,sharp,5
1046,42,twigs,5
1047,42,struck,6
1048,42,them,4
1049,42,in,2
1050,42,the,3
1051,42,face,4
1052,43,what,4
1053,43,a,1
1054,43,road,4
1055,44,said,4
1056,44,hanov,5
1057,44,and,3
1058,44,he,2
1059,44,laughed,7
1060,45,the,3
1061,45,schoolmistress,14
1062,45,looked,6
1063,45,at,2
1064,45,him,3
1065,45,and,3
1066,45,could,5
1067,45,not,3
1068,45,understand,10
1069,45,why,3
1070,45,this,4
1071,45,queer,5
1072,45,man,3
1073,45,lived,5
1074,45,here,4
1075,46,what,4
1076,46,could,5
1077,46,his,3
1078,46,money,5
1079,46,his,3
1080,46,interesting,11
1081,46,appearance,10
1082,46,his,3
1083,46,refined,7
1084,46,bearing,7
1085,46,do,2
1086,46,for,3
1087,46,him,3
1088,46,here,4
1089,46,in,2
1090,46,this,4
1091,46,mud,3
1092,46,in,2
1093,46,this,4
1094,46,god-forsaken,12
1095,46,dreary,6
1096,46,place,5
1097,47,he,2
1098,47,got,3
1099,47,no,2
1100,47,special,7
1101,47,advantages,10
1102,47,out,3
1103,47,of,2
1104,47,life,4
1105,47,and,3
1106,47,here,4
1107,47,like,4
1108,47,semyon,6
1109,47,was,3
1110,47,driving,7
1111,47,at,2
1112,47,a,1
1113,47,jog-trot,8
1114,47,on,2
1115,47,an,2
1116,47,appalling,9
1117,47,road,4
1118,47,and,3
1119,47,enduring,8
1120,47,the,3
1121,47,same,4
1122,47,discomforts,11
1123,48,why,3
1124,48,live,4
1125,48,here,4
1126,48,if,2
1127,48,one,3
1128,48,could,5
1129,48,live,4
1130,48,in,2
1131,48,petersburg,10
1132,48,or,2
1133,48,abroad,6
1134,49,and,3
1135,49,one,3
1136,49,would,5
1137,49,have,4
1138,49,thought,7
1139,49,it,2
1140,49,would,5
1141,49,be,2
1142,49,nothing,7
1143,49,for,3
1144,49,a,1
1145,49,rich,4
1146,49,man,3
1147,49,like,4
1148,49,him,3
1149,49,to,2
1150,49,make,4
1151,49,a,1
1152,49,good,4
1153,49,road,4
1154,49,instead,7
1155,49,of,2
1156,49,this,4
1157,49,bad,3
1158,49,one,3
1159,49,to,2
1160,49,avoid,5
1161,49,enduring,8
1162,49,this,4
1163,49,misery,6
1164,49,and,3
1165,49,seeing,6
1166,49,the,3
1167,49,despair,7
1168,49,on,2
1169,49,the,3
1170,49,faces,5
1171,49,of,2
1172,49,his,3
1173,49,coachman,8
1174,49,and,3
1175,49,semyon,6
1176,49,but,3
1177,49,he,2
1178,49,only,4
1179,49,laughed,7
1180,49,and,3
1181,49,apparently,10
1182,49,did,3
1183,49,not,3
1184,49,mind,4
1185,49,and,3
1186,49,wanted,6
1187,49,no,2
1188,49,better,6
1189,49,life,4
1190,50,he,2
1191,50,was,3
1192,50,kind,4
1193,50,soft,4
1194,50,naive,5
1195,50,and,3
1196,50,he,2
1197,50,did,3
1198,50,not,3
1199,50,understand,10
1200,50,this,4
1201,50,coarse,6
1202,50,life,4
1203,50,just,4
1204,50,as,2
1205,50,at,2
1206,50,the,3
1207,50,examination,11
1208,50,he,2
1209,50,did,3
1210,50,not,3
1211,50,know,4
1212,50,the,3
1213,50,prayers,7
1214,51,he,2
1215,51,subscribed,10
1216,51,nothing,7
1217,51,to,2
1218,51,the,3
1219,51,schools,7
1220,51,but,3
1221,51,globes,6
1222,51,and,3
1223,51,genuinely,9
1224,51,regarded,8
1225,51,himself,7
1226,51,as,2
1227,51,a,1
1228,51,useful,6
1229,51,person,6
1230,51,and,3
1231,51,a,1
1232,51,prominent,9
1233,51,worker,6
1234,51,in,2
1235,51,the,3
1236,51,cause,5
1237,51,of,2
1238,51,popular,7
1239,51,education,9
1240,52,and,3
1241,52,what,4
1242,52,use,3
1243,52,were,4
1244,52,his,3
1245,52,globes,6
1246,52,here,4
1247,53,hold,4
1248,53,on,2
1249,53,vassilyevna,11
1250,54,said,4
1251,54,semyon,6
1252,55,the,3
1253,55,cart,4
1254,55,lurched,7
1255,55,violently,9
1256,55,and,3
1257,55,was,3
1258,55,on,2
1259,55,the,3
1260,55,point,5
1261,55,of,2
1262,55,upsetting,9
1263,55,something,9
1264,55,heavy,5
1265,55,rolled,6
1266,55,on,2
1267,55,to,2
1268,55,marya,5
1269,55,vassilyevna’s,13
1270,55,feet—it,7
1271,55,was,3
1272,55,her,3
1273,55,parcel,6
1274,55,of,2
1275,55,purchases,9
1276,56,there,5
1277,56,was,3
1278,56,a,1
1279,56,steep,5
1280,56,ascent,6
1281,56,uphill,6
1282,56,through,7
1283,56,the,3
1284,56,clay,4
1285,56,here,4
1286,56,in,2
1287,56,the,3
1288,56,winding,7
1289,56,ditches,7
1290,56,rivulets,8
1291,56,were,4
1292,56,gurgling,8
1293,57,the,3
1294,57,water,5
1295,57,seemed,6
1296,57,to,2
1297,57,have,4
1298,57,gnawed,6
1299,57,away,4
1300,57,the,3
1301,57,road,4
1302,57,and,3
1303,57,how,3
1304,57,could,5
1305,57,one,3
1306,57,get,3
1307,57,along,5
1308,57,here,4
1309,58,the,3
1310,58,horses,6
1311,58,breathed,8
1312,58,hard,4
1313,59,hanov,5
1314,59,got,3
1315,59,out,3
1316,59,of,2
1317,59,his,3
1318,59,carriage,8
1319,59,and,3
1320,59,walked,6
1321,59,at,2
1322,59,the,3
1323,59,side,4
1324,59,of,2
1325,59,the,3
1326,59,road,4
1327,59,in,2
1328,59,his,3
1329,59,long,4
1330,59,overcoat,8
1331,60,he,2
1332,60,was,3
1333,60,hot,3
1334,61,what,4
1335,61,a,1
1336,61,road,4
1337,62,he,2
1338,62,said,4
1339,62,and,3
1340,62,laughed,7
1341,62,again,5
1342,63,it,2
1343,63,would,5
1344,63,soon,4
1345,63,smash,5
1346,63,up,2
1347,63,one’s,5
1348,63,carriage,8
1349,64,nobody,6
1350,64,obliges,7
1351,64,you,3
1352,64,to,2
1353,64,drive,5
1354,64,about,5
1355,64,in,2
1356,64,such,4
1357,64,weather,7
1358,64,said,4
1359,64,semyon,6
1360,64,surlily,7
1361,65,you,3
1362,65,should,6
1363,65,stay,4
1364,65,at,2
1365,65,home,4
1366,66,i,1
1367,66,am,2
1368,66,dull,4
1369,66,at,2
1370,66,home,4
1371,66,grandfather,11
1372,67,i,1
1373,67,don’t,5
1374,67,like,4
1375,67,staying,7
1376,67,at,2
1377,67,home,4
1378,68,beside,6
1379,68,old,3
1380,68,semyon,6
1381,68,he,2
1382,68,looked,6
1383,68,graceful,8
1384,68,and,3
1385,68,vigorous,8
1386,68,but,3
1387,68,yet,3
1388,68,in,2
1389,68,his,3
1390,68,walk,4
1391,68,there,5
1392,68,was,3
1393,68,something,9
1394,68,just,4
1395,68,perceptible,11
1396,68,which,5
1397,68,betrayed,8
1398,68,in,2
1399,68,him,3
1400,68,a,1
1401,68,being,5
1402,68,already,7
1403,68,touched,7
1404,68,by,2
1405,68,decay,5
1406,68,weak,4
1407,68,and,3
1408,68,on,2
1409,68,the,3
1410,68,road,4
1411,68,to,2
1412,68,ruin,4
1413,69,and,3
1414,69,all,3
1415,69,at,2
1416,69,once,4
1417,69,there,5
1418,69,was,3
1419,69,a,1
1420,69,whiff,5
1421,69,of,2
1422,69,spirits,7
1423,69,in,2
1424,69,the,3
1425,69,wood,4
1426,70,marya,5
1427,70,vassilyevna,11
1428,70,was,3
1429,70,filled,6
1430,70,with,4
1431,70,dread,5
1432,70,and,3
1433,70,pity,4
1434,70,for,3
1435,70,this,4
1436,70,man,3
1437,70,going,5
1438,70,to,2
1439,70,his,3
1440,70,ruin,4
1441,70,for,3
1442,70,no,2
1443,70,visible,7
1444,70,cause,5
1445,70,or,2
1446,70,reason,6
1447,70,and,3
1448,70,it,2
1449,70,came,4
1450,70,into,4
1451,70,her,3
1452,70,mind,4
1453,70,that,4
1454,70,if,2
1455,70,she,3
1456,70,had,3
1457,70,been,4
1458,70,his,3
1459,70,wife,4
1460,70,or,2
1461,70,sister,6
1462,70,she,3
1463,70,would,5
1464,70,have,4
1465,70,devoted,7
1466,70,her,3
1467,70,whole,5
1468,70,life,4
1469,70,to,2
1470,70,saving,6
1471,70,him,3
1472,70,from,4
1473,70,ruin,4
1474,71,his,3
1475,71,wife,4
1476,72,life,4
1477,72,was,3
1478,72,so,2
1479,72,ordered,7
1480,72,that,4
1481,72,here,4
1482,72,he,2
1483,72,was,3
1484,72,living,6
1485,72,in,2
1486,72,his,3
1487,72,great,5
1488,72,house,5
1489,72,alone,5
1490,72,and,3
1491,72,she,3
1492,72,was,3
1493,72,living,6
1494,72,in,2
1495,72,a,1
1496,72,god-forsaken,12
1497,72,village,7
1498,72,alone,5
1499,72,and,3
1500,72,yet,3
1501,72,for,3
1502,72,some,4
1503,72,reason,6
1504,72,the,3
1505,72,mere,4
1506,72,thought,7
1507,72,that,4
1508,72,he,2
1509,72,and,3
1510,72,she,3
1511,72,might,5
1512,72,be,2
1513,72,close,5
1514,72,to,2
1515,72,one,3
1516,72,another,7
1517,72,and,3
1518,72,equals,6
1519,72,seemed,6
1520,72,impossible,10
1521,72,and,3
1522,72,absurd,6
1523,73,in,2
1524,73,reality,7
1525,73,life,4
1526,73,was,3
1527,73,arranged,8
1528,73,and,3
1529,73,human,5
1530,73,relations,9
1531,73,were,4
1532,73,complicated,11
1533,73,so,2
1534,73,utterly,7
1535,73,beyond,6
1536,73,all,3
1537,73,understanding,13
1538,73,that,4
1539,73,when,4
1540,73,one,3
1541,73,thought,7
1542,73,about,5
1543,73,it,2
1544,73,one,3
1545,73,felt,4
1546,73,uncanny,7
1547,73,and,3
1548,73,one’s,5
1549,73,heart,5
1550,73,sank,4
1551,74,and,3
1552,74,it,2
1553,74,is,2
1554,74,beyond,6
1555,74,all,3
1556,74,understanding,13
1557,74,she,3
1558,74,thought,7
1559,74,why,3
1560,74,god,3
1561,74,gives,5
1562,74,beauty,6
1563,74,this,4
1564,74,graciousness,12
1565,74,and,3
1566,74,sad,3
1567,74,sweet,5
1568,74,eyes,4
1569,74,to,2
1570,74,weak,4
1571,74,unlucky,7
1572,74,useless,7
1573,74,people—why,10
1574,74,they,4
1575,74,are,3
1576,74,so,2
1577,74,charming,8
1578,75,here,4
1579,75,we,2
1580,75,must,4
1581,75,turn,4
1582,75,off,3
1583,75,to,2
1584,75,the,3
1585,75,right,5
1586,75,said,4
1587,75,hanov,5
1588,75,getting,7
1589,75,into,4
1590,75,his,3
1591,75,carriage,8
1592,76,good-by,7
1593,77,i,1
1594,77,wish,4
1595,77,you,3
1596,77,all,3
1597,77,things,6
1598,77,good,4
1599,78,and,3
1600,78,again,5
1601,78,she,3
1602,78,thought,7
1603,78,of,2
1604,78,her,3
1605,78,pupils,6
1606,78,of,2
1607,78,the,3
1608,78,examination,11
1609,78,of,2
1610,78,the,3
1611,78,watchman,8
1612,78,of,2
1613,78,the,3
1614,78,school,6
1615,78,council,7
1616,78,and,3
1617,78,when,4
1618,78,the,3
1619,78,wind,4
1620,78,brought,7
1621,78,the,3
1622,78,sound,5
1623,78,of,2
1624,78,the,3
1625,78,retreating,10
1626,78,carriage,8
1627,78,these,5
1628,78,thoughts,8
1629,78,were,4
1630,78,mingled,7
1631,78,with,4
1632,78,others,6
1633,79,she,3
1634,79,longed,6
1635,79,to,2
1636,79,think,5
1637,79,of,2
1638,79,beautiful,9
1639,79,eyes,4
1640,79,of,2
1641,79,love,4
1642,79,of,2
1643,79,the,3
1644,79,happiness,9
1645,79,which,5
1646,79,would,5
1647,79,never,5
1648,79,behis,5
1649,79,wife,4
1650,80,it,2
1651,80,was,3
1652,80,cold,4
1653,80,in,2
1654,80,the,3
1655,80,morning,7
1656,80,there,5
1657,80,was,3
1658,80,no,2
1659,80,one,3
1660,80,to,2
1661,80,heat,4
1662,80,the,3
1663,80,stove,5
1664,80,the,3
1665,80,watchman,8
1666,80,disappeared,11
1667,80,the,3
1668,80,children,8
1669,80,came,4
1670,80,in,2
1671,80,as,2
1672,80,soon,4
1673,80,as,2
1674,80,it,2
1675,80,was,3
1676,80,light,5
1677,80,bringing,8
1678,80,in,2
1679,80,snow,4
1680,80,and,3
1681,80,mud,3
1682,80,and,3
1683,80,making,6
1684,80,a,1
1685,80,noise,5
1686,80,it,2
1687,80,was,3
1688,80,all,3
1689,80,so,2
1690,80,inconvenient,12
1691,80,so,2
1692,80,comfortless,11
1693,81,her,3
1694,81,abode,5
1695,81,consisted,9
1696,81,of,2
1697,81,one,3
1698,81,little,6
1699,81,room,4
1700,81,and,3
1701,81,the,3
1702,81,kitchen,7
1703,81,close,5
1704,81,by,2
1705,82,her,3
1706,82,head,4
1707,82,ached,5
1708,82,every,5
1709,82,day,3
1710,82,after,5
1711,82,her,3
1712,82,work,4
1713,82,and,3
1714,82,after,5
1715,82,dinner,6
1716,82,she,3
1717,82,had,3
1718,82,heart-burn,10
1719,83,she,3
1720,83,had,3
1721,83,to,2
1722,83,collect,7
1723,83,money,5
1724,83,from,4
1725,83,the,3
1726,83,school-children,15
1727,83,for,3
1728,83,wood,4
1729,83,and,3
1730,83,for,3
1731,83,the,3
1732,83,watchman,8
1733,83,and,3
1734,83,to,2
1735,83,give,4
1736,83,it,2
1737,83,to,2
1738,83,the,3
1739,83,school,6
1740,83,guardian,8
1741,83,and,3
1742,83,then,4
1743,83,to,2
1744,83,entreat,7
1745,83,him—that,8
1746,83,overfed,7
1747,83,insolent,8
1748,83,peasant—for,11
1749,83,god’s,5
1750,83,sake,4
1751,83,to,2
1752,83,send,4
1753,83,her,3
1754,83,wood,4
1755,84,and,3
1756,84,at,2
1757,84,night,5
1758,84,she,3
1759,84,dreamed,7
1760,84,of,2
1761,84,examinations,12
1762,84,peasants,8
1763,84,snowdrifts,10
1764,85,and,3
1765,85,this,4
1766,85,life,4
1767,85,was,3
1768,85,making,6
1769,85,her,3
1770,85,grow,4
1771,85,old,3
1772,85,and,3
1773,85,coarse,6
1774,85,making,6
1775,85,her,3
1776,85,ugly,4
1777,85,angular,7
1778,85,and,3
1779,85,awkward,7
1780,85,as,2
1781,85,though,6
1782,85,she,3
1783,85,were,4
1784,85,made,4
1785,85,of,2
1786,85,lead,4
1787,86,she,3
1788,86,was,3
1789,86,always,6
1790,86,afraid,6
1791,86,and,3
1792,86,she,3
1793,86,would,5
1794,86,get,3
1795,86,up,2
1796,86,from,4
1797,86,her,3
1798,86,seat,4
1799,86,and,3
1800,86,not,3
1801,86,venture,7
1802,86,to,2
1803,86,sit,3
1804,86,down,4
1805,86,in,2
1806,86,the,3
1807,86,presence,8
1808,86,of,2
1809,86,a,1
1810,86,member,6
1811,86,of,2
1812,86,the,3
1813,86,zemstvo,7
1814,86,or,2
1815,86,the,3
1816,86,school,6
1817,86,guardian,8
1818,87,and,3
1819,87,she,3
1820,87,used,4
1821,87,formal,6
1822,87,deferential,11
1823,87,expressions,11
1824,87,when,4
1825,87,she,3
1826,87,spoke,5
1827,87,of,2
1828,87,any,3
1829,87,one,3
1830,87,of,2
1831,87,them,4
1832,88,and,3
1833,88,no,2
1834,88,one,3
1835,88,thought,7
1836,88,her,3
1837,88,attractive,10
1838,88,and,3
1839,88,life,4
1840,88,was,3
1841,88,passing,7
1842,88,drearily,8
1843,88,without,7
1844,88,affection,9
1845,88,without,7
1846,88,friendly,8
1847,88,sympathy,8
1848,88,without,7
1849,88,interesting,11
1850,88,acquaintances,13
1851,89,how,3
1852,89,awful,5
1853,89,it,2
1854,89,would,5
1855,89,have,4
1856,89,been,4
1857,89,in,2
1858,89,her,3
1859,89,position,8
1860,89,if,2
1861,89,she,3
1862,89,had,3
1863,89,fallen,6
1864,89,in,2
1865,89,love,4
1866,90,hold,4
1867,90,on,2
1868,90,vassilyevna,11
1869,91,again,5
1870,91,a,1
1871,91,sharp,5
1872,91,ascent,6
1873,91,uphill,6
1874,92,she,3
1875,92,had,3
1876,92,become,6
1877,92,a,1
1878,92,schoolmistress,14
1879,92,from,4
1880,92,necessity,9
1881,92,without,7
1882,92,feeling,7
1883,92,any,3
1884,92,vocation,8
1885,92,for,3
1886,92,it,2
1887,92,and,3
1888,92,she,3
1889,92,had,3
1890,92,never,5
1891,92,thought,7
1892,92,of,2
1893,92,a,1
1894,92,vocation,8
1895,92,of,2
1896,92,serving,7
1897,92,the,3
1898,92,cause,5
1899,92,of,2
1900,92,enlightenment,13
1901,92,and,3
1902,92,it,2
1903,92,always,6
1904,92,seemed,6
1905,92,to,2
1906,92,her,3
1907,92,that,4
1908,92,what,4
1909,92,was,3
1910,92,most,4
1911,92,important,9
1912,92,in,2
1913,92,her,3
1914,92,work,4
1915,92,was,3
1916,92,not,3
1917,92,the,3
1918,92,children,8
1919,92,nor,3
1920,92,enlightenment,13
1921,92,but,3
1922,92,the,3
1923,92,examinations,12
1924,93,and,3
1925,93,what,4
1926,93,time,4
1927,93,had,3
1928,93,she,3
1929,93,for,3
1930,93,thinking,8
1931,93,of,2
1932,93,vocation,8
1933,93,of,2
1934,93,serving,7
1935,93,the,3
1936,93,cause,5
1937,93,of,2
1938,93,enlightenment,13
1939,94,teachers,8
1940,94,badly,5
1941,94,paid,4
1942,94,doctors,7
1943,94,and,3
1944,94,their,5
1945,94,assistants,10
1946,94,with,4
1947,94,their,5
1948,94,terribly,8
1949,94,hard,4
1950,94,work,4
1951,94,have,4
1952,94,not,3
1953,94,even,4
1954,94,the,3
1955,94,comfort,7
1956,94,of,2
1957,94,thinking,8
1958,94,that,4
1959,94,they,4
1960,94,are,3
1961,94,serving,7
1962,94,an,2
1963,94,idea,4
1964,94,or,2
1965,94,the,3
1966,94,people,6
1967,94,as,2
1968,94,their,5
1969,94,heads,5
1970,94,are,3
1971,94,always,6
1972,94,stuffed,7
1973,94,with,4
1974,94,thoughts,8
1975,94,of,2
1976,94,their,5
1977,94,daily,5
1978,94,bread,5
1979,94,of,2
1980,94,wood,4
1981,94,for,3
1982,94,the,3
1983,94,fire,4
1984,94,of,2
1985,94,bad,3
1986,94,roads,5
1987,94,of,2
1988,94,illnesses,9
1989,95,it,2
1990,95,is,2
1991,95,a,1
1992,95,hard-working,12
1993,95,an,2
1994,95,uninteresting,13
1995,95,life,4
1996,95,and,3
1997,95,only,4
1998,95,silent,6
1999,95,patient,7
2000,95,cart-horses,11
2001,95,like,4
2002,95,mary,4
2003,95,vassilyevna,11
2004,95,could,5
2005,95,put,3
2006,95,up,2
2007,95,with,4
2008,95,it,2
2009,95,for,3
2010,95,long,4
2011,95,the,3
2012,95,lively,6
2013,95,nervous,7
2014,95,impressionable,14
2015,95,people,6
2016,95,who,3
2017,95,talked,6
2018,95,about,5
2019,95,vocation,8
2020,95,and,3
2021,95,serving,7
2022,95,the,3
2023,95,idea,4
2024,95,were,4
2025,95,soon,4
2026,95,weary,5
2027,95,of,2
2028,95,it,2
2029,95,and,3
2030,95,gave,4
2031,95,up,2
2032,95,the,3
2033,95,work,4
2034,96,semyon,6
2035,96,kept,4
2036,96,picking,7
2037,96,out,3
2038,96,the,3
2039,96,driest,6
2040,96,and,3
2041,96,shortest,8
2042,96,way,3
2043,96,first,5
2044,96,by,2
2045,96,a,1
2046,96,meadow,6
2047,96,then,4
2048,96,by,2
2049,96,the,3
2050,96,backs,5
2051,96,of,2
2052,96,the,3
2053,96,village,7
2054,96,huts,4
2055,96,but,3
2056,96,in,2
2057,96,one,3
2058,96,place,5
2059,96,the,3
2060,96,peasants,8
2061,96,would,5
2062,96,not,3
2063,96,let,3
2064,96,them,4
2065,96,pass,4
2066,96,in,2
2067,96,another,7
2068,96,it,2
2069,96,was,3
2070,96,the,3
2071,96,priest’s,8
2072,96,land,4
2073,96,and,3
2074,96,they,4
2075,96,could,5
2076,96,not,3
2077,96,cross,5
2078,96,it,2
2079,96,in,2
2080,96,another,7
2081,96,ivan,4
2082,96,ionov,5
2083,96,had,3
2084,96,bought,6
2085,96,a,1
2086,96,plot,4
2087,96,from,4
2088,96,the,3
2089,96,landowner,9
2090,96,and,3
2091,96,had,3
2092,96,dug,3
2093,96,a,1
2094,96,ditch,5
2095,96,round,5
2096,96,it,2
2097,97,they,4
2098,97,kept,4
2099,97,having,6
2100,97,to,2
2101,97,turn,4
2102,97,back,4
2103,98,they,4
2104,98,reached,7
2105,98,nizhneye,8
2106,98,gorodistche,11
2107,99,near,4
2108,99,the,3
2109,99,tavern,6
2110,99,on,2
2111,99,the,3
2112,99,dung-strewn,11
2113,99,earth,5
2114,99,where,5
2115,99,the,3
2116,99,snow,4
2117,99,was,3
2118,99,still,5
2119,99,lying,5
2120,99,there,5
2121,99,stood,5
2122,99,wagons,6
2123,99,that,4
2124,99,had,3
2125,99,brought,7
2126,99,great,5
2127,99,bottles,7
2128,99,of,2
2129,99,crude,5
2130,99,sulphuric,9
2131,99,acid,4
2132,100,there,5
2133,100,were,4
2134,100,a,1
2135,100,great,5
2136,100,many,4
2137,100,people,6
2138,100,in,2
2139,100,the,3
2140,100,tavern,6
2141,100,all,3
2142,100,drivers,7
2143,100,and,3
2144,100,there,5
2145,100,was,3
2146,100,a,1
2147,100,smell,5
2148,100,of,2
2149,100,vodka,5
2150,100,tobacco,7
2151,100,and,3
2152,100,sheepskins,10
2153,101,there,5
2154,101,was,3
2155,101,a,1
2156,101,loud,4
2157,101,noise,5
2158,101,of,2
2159,101,conversation,12
2160,101,and,3
2161,101,the,3
2162,101,banging,7
2163,101,of,2
2164,101,the,3
2165,101,swing-door,10
2166,102,through,7
2167,102,the,3
2168,102,wall,4
2169,102,without,7
2170,102,ceasing,7
2171,102,for,3
2172,102,a,1
2173,102,moment,6
2174,102,came,4
2175,102,the,3
2176,102,sound,5
2177,102,of,2
2178,102,a,1
2179,102,concertina,10
2180,102,being,5
2181,102,played,6
2182,102,in,2
2183,102,the,3
2184,102,shop,4
2185,103,marya,5
2186,103,vassilyevna,11
2187,103,sat,3
2188,103,down,4
2189,103,and,3
2190,103,drank,5
2191,103,some,4
2192,103,tea,3
2193,103,while,5
2194,103,at,2
2195,103,the,3
2196,103,next,4
2197,103,table,5
2198,103,peasants,8
2199,103,were,4
2200,103,drinking,8
2201,103,vodka,5
2202,103,and,3
2203,103,beer,4
2204,103,perspiring,10
2205,103,from,4
2206,103,the,3
2207,103,tea,3
2208,103,they,4
2209,103,had,3
2210,103,just,4
2211,103,swallowed,9
2212,103,and,3
2213,103,the,3
2214,103,stifling,8
2215,103,fumes,5
2216,103,of,2
2217,103,the,3
2218,103,tavern,6
2219,104,i,1
2220,104,say,3
2221,104,kuzma,5
2222,105,voices,6
2223,105,kept,4
2224,105,shouting,8
2225,105,in,2
2226,105,confusion,9
2227,106,what,4
2228,106,there,5
2229,107,the,3
2230,107,lord,4
2231,107,bless,5
2232,107,us,2
2233,108,ivan,4
2234,108,dementyitch,11
2235,108,i,1
2236,108,can,3
2237,108,tell,4
2238,108,you,3
2239,108,that,4
2240,109,look,4
2241,109,out,3
2242,109,old,3
2243,109,man,3
2244,110,a,1
2245,110,little,6
2246,110,pock-marked,11
2247,110,man,3
2248,110,with,4
2249,110,a,1
2250,110,black,5
2251,110,beard,5
2252,110,who,3
2253,110,was,3
2254,110,quite,5
2255,110,drunk,5
2256,110,was,3
2257,110,suddenly,8
2258,110,surprised,9
2259,110,by,2
2260,110,something,9
2261,110,and,3
2262,110,began,5
2263,110,using,5
2264,110,bad,3
2265,110,language,8
2266,111,what,4
2267,111,are,3
2268,111,you,3
2269,111,swearing,8
2270,111,at,2
2271,111,you,3
2272,111,there,5
2273,112,semyon,6
2274,112,who,3
2275,112,was,3
2276,112,sitting,7
2277,112,some,4
2278,112,way,3
2279,112,off,3
2280,112,responded,9
2281,112,angrily,7
2282,113,don’t,5
2283,113,you,3
2284,113,see,3
2285,113,the,3
2286,113,young,5
2287,113,lady,4
2288,114,the,3
2289,114,young,5
2290,114,lady,4
2291,115,someone,7
2292,115,mimicked,8
2293,115,in,2
2294,115,another,7
2295,115,corner,6
2296,116,swinish,7
2297,116,crow,4
2298,117,we,2
2299,117,meant,5
2300,117,nothing,7
2301,117,said,4
2302,117,the,3
2303,117,little,6
2304,117,man,3
2305,117,in,2
2306,117,confusion,9
2307,118,i,1
2308,118,beg,3
2309,118,your,4
2310,118,pardon,6
2311,119,we,2
2312,119,pay,3
2313,119,with,4
2314,119,our,3
2315,119,money,5
2316,119,and,3
2317,119,the,3
2318,119,young,5
2319,119,lady,4
2320,119,with,4
2321,119,hers,4
2322,120,good-morning,12
2323,121,good-morning,12
2324,121,answered,8
2325,121,the,3
2326,121,schoolmistress,14
2327,122,and,3
2328,122,we,2
2329,122,thank,5
2330,122,you,3
2331,122,most,4
2332,122,feelingly,9
2333,123,marya,5
2334,123,vassilyevna,11
2335,123,drank,5
2336,123,her,3
2337,123,tea,3
2338,123,with,4
2339,123,satisfaction,12
2340,123,and,3
2341,123,she,3
2342,123,too,3
2343,123,began,5
2344,123,turning,7
2345,123,red,3
2346,123,like,4
2347,123,the,3
2348,123,peasants,8
2349,123,and,3
2350,123,fell,4
2351,123,to,2
2352,123,thinking,8
2353,123,again,5
2354,123,about,5
2355,123,firewood,8
2356,123,about,5
2357,123,the,3
2358,123,watchman,8
2359,124,stay,4
2360,124,old,3
2361,124,man,3
2362,124,she,3
2363,124,heard,5
2364,124,from,4
2365,124,the,3
2366,124,next,4
2367,124,table,5
2368,124,it’s,4
2369,124,the,3
2370,124,schoolmistress,14
2371,124,from,4
2372,124,vyazovye,8
2373,125,we,2
2374,125,know,4
2375,125,her,3
2376,125,she’s,5
2377,125,a,1
2378,125,good,4
2379,125,young,5
2380,125,lady,4
2381,126,she’s,5
2382,126,all,3
2383,126,right,5
2384,127,the,3
2385,127,swing-door,10
2386,127,was,3
2387,127,continually,11
2388,127,banging,7
2389,127,some,4
2390,127,coming,6
2391,127,in,2
2392,127,others,6
2393,127,going,5
2394,127,out,3
2395,128,marya,5
2396,128,vassilyevna,11
2397,128,sat,3
2398,128,on,2
2399,128,thinking,8
2400,128,all,3
2401,128,the,3
2402,128,time,4
2403,128,of,2
2404,128,the,3
2405,128,same,4
2406,128,things,6
2407,128,while,5
2408,128,the,3
2409,128,concertina,10
2410,128,went,4
2411,128,on,2
2412,128,playing,7
2413,128,and,3
2414,128,playing,7
2415,129,the,3
2416,129,patches,7
2417,129,of,2
2418,129,sunshine,8
2419,129,had,3
2420,129,been,4
2421,129,on,2
2422,129,the,3
2423,129,floor,5
2424,129,then,4
2425,129,they,4
2426,129,passed,6
2427,129,to,2
2428,129,the,3
2429,129,counter,7
2430,129,to,2
2431,129,the,3
2432,129,wall,4
2433,129,and,3
2434,129,disappeared,11
2435,129,altogether,10
2436,129,so,2
2437,129,by,2
2438,129,the,3
2439,129,sun,3
2440,129,it,2
2441,129,was,3
2442,129,past,4
2443,129,midday,6
2444,130,the,3
2445,130,peasants,8
2446,130,at,2
2447,130,the,3
2448,130,next,4
2449,130,table,5
2450,130,were,4
2451,130,getting,7
2452,130,ready,5
2453,130,to,2
2454,130,go,2
2455,131,the,3
2456,131,little,6
2457,131,man,3
2458,131,somewhat,8
2459,131,unsteadily,10
2460,131,went,4
2461,131,up,2
2462,131,to,2
2463,131,marya,5
2464,131,vassilyevna,11
2465,131,and,3
2466,131,held,4
2467,131,out,3
2468,131,his,3
2469,131,hand,4
2470,131,to,2
2471,131,her,3
2472,131,following,9
2473,131,his,3
2474,131,example,7
2475,131,the,3
2476,131,others,6
2477,131,shook,5
2478,131,hands,5
2479,131,too,3
2480,131,at,2
2481,131,parting,7
2482,131,and,3
2483,131,went,4
2484,131,out,3
2485,131,one,3
2486,131,after,5
2487,131,another,7
2488,131,and,3
2489,131,the,3
2490,131,swing-door,10
2491,131,squeaked,8
2492,131,and,3
2493,131,slammed,7
2494,131,nine,4
2495,131,times,5
2496,132,vassilyevna,11
2497,132,get,3
2498,132,ready,5
2499,132,semyon,6
2500,132,called,6
2501,132,to,2
2502,132,her,3
2503,133,they,4
2504,133,set,3
2505,133,off,3
2506,134,and,3
2507,134,again,5
2508,134,they,4
2509,134,went,4
2510,134,at,2
2511,134,a,1
2512,134,walking,7
2513,134,pace,4
2514,135,a,1
2515,135,little,6
2516,135,while,5
2517,135,back,4
2518,135,they,4
2519,135,were,4
2520,135,building,8
2521,135,a,1
2522,135,school,6
2523,135,here,4
2524,135,in,2
2525,135,their,5
2526,135,nizhneye,8
2527,135,gorodistche,11
2528,135,said,4
2529,135,semyon,6
2530,135,turning,7
2531,135,round,5
2532,136,it,2
2533,136,was,3
2534,136,a,1
2535,136,wicked,6
2536,136,thing,5
2537,136,that,4
2538,136,was,3
2539,136,done,4
2540,137,why,3
2541,137,what,4
2542,138,they,4
2543,138,say,3
2544,138,the,3
2545,138,president,9
2546,138,put,3
2547,138,a,1
2548,138,thousand,8
2549,138,in,2
2550,138,his,3
2551,138,pocket,6
2552,138,and,3
2553,138,the,3
2554,138,school,6
2555,138,guardian,8
2556,138,another,7
2557,138,thousand,8
2558,138,in,2
2559,138,his,3
2560,138,and,3
2561,138,the,3
2562,138,teacher,7
2563,138,five,4
2564,138,hundred,7
2565,139,the,3
2566,139,whole,5
2567,139,school,6
2568,139,only,4
2569,139,cost,4
2570,139,a,1
2571,139,thousand,8
2572,140,it’s,4
2573,140,wrong,5
2574,140,to,2
2575,140,slander,7
2576,140,people,6
2577,140,grandfather,11
2578,141,that’s,6
2579,141,all,3
2580,141,nonsense,8
2581,142,i,1
2582,142,don’t,5
2583,142,know,4
2584,143,i,1
2585,143,only,4
2586,143,tell,4
2587,143,you,3
2588,143,what,4
2589,143,folks,5
2590,143,say,3
2591,144,but,3
2592,144,it,2
2593,144,was,3
2594,144,clear,5
2595,144,that,4
2596,144,semyon,6
2597,144,did,3
2598,144,not,3
2599,144,believe,7
2600,144,the,3
2601,144,schoolmistress,14
2602,145,the,3
2603,145,peasants,8
2604,145,did,3
2605,145,not,3
2606,145,believe,7
2607,145,her,3
2608,146,they,4
2609,146,always,6
2610,146,thought,7
2611,146,she,3
2612,146,received,8
2613,146,too,3
2614,146,large,5
2615,146,a,1
2616,146,salary,6
2617,146,twenty-one,10
2618,146,roubles,7
2619,146,a,1
2620,146,month,5
2621,146,five,4
2622,146,would,5
2623,146,have,4
2624,146,been,4
2625,146,enough,6
2626,146,and,3
2627,146,that,4
2628,146,of,2
2629,146,the,3
2630,146,money,5
2631,146,that,4
2632,146,she,3
2633,146,collected,9
2634,146,from,4
2635,146,the,3
2636,146,children,8
2637,146,for,3
2638,146,the,3
2639,146,firewood,8
2640,146,and,3
2641,146,the,3
2642,146,watchman,8
2643,146,the,3
2644,146,greater,7
2645,146,part,4
2646,146,she,3
2647,146,kept,4
2648,146,for,3
2649,146,herself,7
2650,147,the,3
2651,147,guardian,8
2652,147,thought,7
2653,147,the,3
2654,147,same,4
2655,147,as,2
2656,147,the,3
2657,147,peasants,8
2658,147,and,3
2659,147,he,2
2660,147,himself,7
2661,147,made,4
2662,147,a,1
2663,147,profit,6
2664,147,off,3
2665,147,the,3
2666,147,firewood,8
2667,147,and,3
2668,147,received,8
2669,147,payments,8
2670,147,from,4
2671,147,the,3
2672,147,peasants,8
2673,147,for,3
2674,147,being,5
2675,147,a,1
2676,147,guardian—without,16
2677,147,the,3
2678,147,knowledge,9
2679,147,of,2
2680,147,the,3
2681,147,authorities,11
2682,148,the,3
2683,148,forest,6
2684,148,thank,5
2685,148,god,3
2686,149,was,3
2687,149,behind,6
2688,149,them,4
2689,149,and,3
2690,149,now,3
2691,149,it,2
2692,149,would,5
2693,149,be,2
2694,149,flat,4
2695,149,open,4
2696,149,ground,6
2697,149,all,3
2698,149,the,3
2699,149,way,3
2700,149,to,2
2701,149,vyazovye,8
2702,149,and,3
2703,149,there,5
2704,149,was,3
2705,149,not,3
2706,149,far,3
2707,149,to,2
2708,149,go,2
2709,149,now,3
2710,150,they,4
2711,150,had,3
2712,150,to,2
2713,150,cross,5
2714,150,the,3
2715,150,river,5
2716,150,and,3
2717,150,then,4
2718,150,the,3
2719,150,railway,7
2720,150,line,4
2721,150,and,3
2722,150,then,4
2723,150,vyazovye,8
2724,150,was,3
2725,150,in,2
2726,150,sight,5
2727,151,where,5
2728,151,are,3
2729,151,you,3
2730,151,driving,7
2731,152,marya,5
2732,152,vassilyevna,11
2733,152,asked,5
2734,152,semyon,6
2735,153,take,4
2736,153,the,3
2737,153,road,4
2738,153,to,2
2739,153,the,3
2740,153,right,5
2741,153,to,2
2742,153,the,3
2743,153,bridge,6
2744,154,why,3
2745,154,we,2
2746,154,can,3
2747,154,go,2
2748,154,this,4
2749,154,way,3
2750,154,as,2
2751,154,well,4
2752,155,it’s,4
2753,155,not,3
2754,155,deep,4
2755,155,enough,6
2756,155,to,2
2757,155,matter,6
2758,156,mind,4
2759,156,you,3
2760,156,don’t,5
2761,156,drown,5
2762,156,the,3
2763,156,horse,5
2764,157,what,4
2765,158,look,4
2766,158,hanov,5
2767,158,is,2
2768,158,driving,7
2769,158,to,2
2770,158,the,3
2771,158,bridge,6
2772,158,said,4
2773,158,marya,5
2774,158,vassilyevna,11
2775,158,seeing,6
2776,158,the,3
2777,158,four,4
2778,158,horses,6
2779,158,far,3
2780,158,away,4
2781,158,to,2
2782,158,the,3
2783,158,right,5
2784,159,it,2
2785,159,is,2
2786,159,he,2
2787,159,i,1
2788,159,think,5
2789,160,it,2
2790,160,is,2
2791,161,so,2
2792,161,he,2
2793,161,didn’t,6
2794,161,find,4
2795,161,bakvist,7
2796,161,at,2
2797,161,home,4
2798,162,what,4
2799,162,a,1
2800,162,pig-headed,10
2801,162,fellow,6
2802,162,he,2
2803,162,is,2
2804,163,lord,4
2805,163,have,4
2806,163,mercy,5
2807,163,upon,4
2808,163,us,2
2809,164,he’s,4
2810,164,driven,6
2811,164,over,4
2812,164,there,5
2813,164,and,3
2814,164,what,4
2815,164,for,3
2816,165,it’s,4
2817,165,fully,5
2818,165,two,3
2819,165,miles,5
2820,165,nearer,6
2821,165,this,4
2822,165,way,3
2823,166,they,4
2824,166,reached,7
2825,166,the,3
2826,166,river,5
2827,167,in,2
2828,167,the,3
2829,167,summer,6
2830,167,it,2
2831,167,was,3
2832,167,a,1
2833,167,little,6
2834,167,stream,6
2835,167,easily,6
2836,167,crossed,7
2837,167,by,2
2838,167,wading,6
2839,168,it,2
2840,168,usually,7
2841,168,dried,5
2842,168,up,2
2843,168,in,2
2844,168,august,6
2845,168,but,3
2846,168,now,3
2847,168,after,5
2848,168,the,3
2849,168,spring,6
2850,168,floods,6
2851,168,it,2
2852,168,was,3
2853,168,a,1
2854,168,river,5
2855,168,forty,5
2856,168,feet,4
2857,168,in,2
2858,168,breadth,7
2859,168,rapid,5
2860,168,muddy,5
2861,168,and,3
2862,168,cold,4
2863,168,on,2
2864,168,the,3
2865,168,bank,4
2866,168,and,3
2867,168,right,5
2868,168,up,2
2869,168,to,2
2870,168,the,3
2871,168,water,5
2872,168,there,5
2873,168,were,4
2874,168,fresh,5
2875,168,tracks,6
2876,168,of,2
2877,168,wheels,6
2878,168,so,2
2879,168,it,2
2880,168,had,3
2881,168,been,4
2882,168,crossed,7
2883,168,here,4
2884,169,go,2
2885,169,on,2
2886,170,shouted,7
2887,170,semyon,6
2888,170,angrily,7
2889,170,and,3
2890,170,anxiously,9
2891,170,tugging,7
2892,170,violently,9
2893,170,at,2
2894,170,the,3
2895,170,reins,5
2896,170,and,3
2897,170,jerking,7
2898,170,his,3
2899,170,elbows,6
2900,170,as,2
2901,170,a,1
2902,170,bird,4
2903,170,does,4
2904,170,its,3
2905,170,wings,5
2906,171,go,2
2907,171,on,2
2908,172,the,3
2909,172,horse,5
2910,172,went,4
2911,172,on,2
2912,172,into,4
2913,172,the,3
2914,172,water,5
2915,172,up,2
2916,172,to,2
2917,172,his,3
2918,172,belly,5
2919,172,and,3
2920,172,stopped,7
2921,172,but,3
2922,172,at,2
2923,172,once,4
2924,172,went,4
2925,172,on,2
2926,172,again,5
2927,172,with,4
2928,172,an,2
2929,172,effort,6
2930,172,and,3
2931,172,marya,5
2932,172,vassilyevna,11
2933,172,was,3
2934,172,aware,5
2935,172,of,2
2936,172,a,1
2937,172,keen,4
2938,172,chilliness,10
2939,172,in,2
2940,172,her,3
2941,172,feet,4
2942,173,go,2
2943,173,on,2
2944,174,she,3
2945,174,too,3
2946,174,shouted,7
2947,174,getting,7
2948,174,up,2
2949,175,go,2
2950,175,on,2
2951,176,they,4
2952,176,got,3
2953,176,out,3
2954,176,on,2
2955,176,the,3
2956,176,bank,4
2957,177,nice,4
2958,177,mess,4
2959,177,it,2
2960,177,is,2
2961,177,lord,4
2962,177,have,4
2963,177,mercy,5
2964,177,upon,4
2965,177,us,2
2966,178,muttered,8
2967,178,semyon,6
2968,178,setting,7
2969,178,straight,8
2970,178,the,3
2971,178,harness,7
2972,179,it’s,4
2973,179,a,1
2974,179,perfect,7
2975,179,plague,6
2976,179,with,4
2977,179,this,4
2978,179,zemstvo,7
2979,180,her,3
2980,180,shoes,5
2981,180,and,3
2982,180,goloshes,8
2983,180,were,4
2984,180,full,4
2985,180,of,2
2986,180,water,5
2987,180,the,3
2988,180,lower,5
2989,180,part,4
2990,180,of,2
2991,180,her,3
2992,180,dress,5
2993,180,and,3
2994,180,of,2
2995,180,her,3
2996,180,coat,4
2997,180,and,3
2998,180,one,3
2999,180,sleeve,6
3000,180,were,4
3001,180,wet,3
3002,180,and,3
3003,180,dripping,8
3004,180,the,3
3005,180,sugar,5
3006,180,and,3
3007,180,flour,5
3008,180,had,3
3009,180,got,3
3010,180,wet,3
3011,180,and,3
3012,180,that,4
3013,180,was,3
3014,180,worst,5
3015,180,of,2
3016,180,all,3
3017,180,and,3
3018,180,marya,5
3019,180,vassilyevna,11
3020,180,could,5
3021,180,only,4
3022,180,clasp,5
3023,180,her,3
3024,180,hands,5
3025,180,in,2
3026,180,despair,7
3027,180,and,3
3028,180,say,3
3029,180,oh,2
3030,180,semyon,6
3031,180,semyon,6
3032,181,how,3
3033,181,tiresome,8
3034,181,you,3
3035,181,are,3
3036,181,really,6
3037,182,the,3
3038,182,barrier,7
3039,182,was,3
3040,182,down,4
3041,182,at,2
3042,182,the,3
3043,182,railway,7
3044,182,crossing,8
3045,183,a,1
3046,183,train,5
3047,183,was,3
3048,183,coming,6
3049,183,out,3
3050,183,of,2
3051,183,the,3
3052,183,station,7
3053,184,marya,5
3054,184,vassilyevna,11
3055,184,stood,5
3056,184,at,2
3057,184,the,3
3058,184,crossing,8
3059,184,waiting,7
3060,184,till,4
3061,184,it,2
3062,184,should,6
3063,184,pass,4
3064,184,and,3
3065,184,shivering,9
3066,184,all,3
3067,184,over,4
3068,184,with,4
3069,184,cold,4
3070,185,vyazovye,8
3071,185,was,3
3072,185,in,2
3073,185,sight,5
3074,185,now,3
3075,185,and,3
3076,185,the,3
3077,185,school,6
3078,185,with,4
3079,185,the,3
3080,185,green,5
3081,185,roof,4
3082,185,and,3
3083,185,the,3
3084,185,church,6
3085,185,with,4
3086,185,its,3
3087,185,crosses,7
3088,185,flashing,8
3089,185,in,2
3090,185,the,3
3091,185,evening,7
3092,185,sun,3
3093,185,and,3
3094,185,the,3
3095,185,station,7
3096,185,windows,7
3097,185,flashed,7
3098,185,too,3
3099,185,and,3
3100,185,a,1
3101,185,pink,4
3102,185,smoke,5
3103,185,rose,4
3104,185,from,4
3105,185,the,3
3106,185,engine,6
3107,185,and,3
3108,185,it,2
3109,185,seemed,6
3110,185,to,2
3111,185,her,3
3112,185,that,4
3113,185,everything,10
3114,185,was,3
3115,185,trembling,9
3116,185,with,4
3117,185,cold,4
3118,186,here,4
3119,186,was,3
3120,186,the,3
3121,186,train,5
3122,186,the,3
3123,186,windows,7
3124,186,reflected,9
3125,186,the,3
3126,186,gleaming,8
3127,186,light,5
3128,186,like,4
3129,186,the,3
3130,186,crosses,7
3131,186,on,2
3132,186,the,3
3133,186,church,6
3134,186,it,2
3135,186,made,4
3136,186,her,3
3137,186,eyes,4
3138,186,ache,4
3139,186,to,2
3140,186,look,4
3141,186,at,2
3142,186,them,4
3143,187,on,2
3144,187,the,3
3145,187,little,6
3146,187,platform,8
3147,187,between,7
3148,187,two,3
3149,187,first-class,11
3150,187,carriages,9
3151,187,a,1
3152,187,lady,4
3153,187,was,3
3154,187,standing,8
3155,187,and,3
3156,187,marya,5
3157,187,vassilyevna,11
3158,187,glanced,7
3159,187,at,2
3160,187,her,3
3161,187,as,2
3162,187,she,3
3163,187,passed,6
3164,188,her,3
3165,188,mother,6
3166,189,what,4
3167,189,a,1
3168,189,resemblance,11
3169,190,her,3
3170,190,mother,6
3171,190,had,3
3172,190,had,3
3173,190,just,4
3174,190,such,4
3175,190,luxuriant,9
3176,190,hair,4
3177,190,just,4
3178,190,such,4
3179,190,a,1
3180,190,brow,4
3181,190,and,3
3182,190,bend,4
3183,190,of,2
3184,190,the,3
3185,190,head,4
3186,191,and,3
3187,191,with,4
3188,191,amazing,7
3189,191,distinctness,12
3190,191,for,3
3191,191,the,3
3192,191,first,5
3193,191,time,4
3194,191,in,2
3195,191,those,5
3196,191,thirteen,8
3197,191,years,5
3198,191,there,5
3199,191,rose,4
3200,191,before,6
3201,191,her,3
3202,191,mind,4
3203,191,a,1
3204,191,vivid,5
3205,191,picture,7
3206,191,of,2
3207,191,her,3
3208,191,mother,6
3209,191,her,3
3210,191,father,6
3211,191,her,3
3212,191,brother,7
3213,191,their,5
3214,191,flat,4
3215,191,in,2
3216,191,moscow,6
3217,191,the,3
3218,191,aquarium,8
3219,191,with,4
3220,191,little,6
3221,191,fish,4
3222,191,everything,10
3223,191,to,2
3224,191,the,3
3225,191,tiniest,7
3226,191,detail,6
3227,191,she,3
3228,191,heard,5
3229,191,the,3
3230,191,sound,5
3231,191,of,2
3232,191,the,3
3233,191,piano,5
3234,191,her,3
3235,191,father’s,8
3236,191,voice,5
3237,191,she,3
3238,191,felt,4
3239,191,as,2
3240,191,she,3
3241,191,had,3
3242,191,been,4
3243,191,then,4
3244,191,young,5
3245,191,good-looking,12
3246,191,well-dressed,12
3247,191,in,2
3248,191,a,1
3249,191,bright,6
3250,191,warm,4
3251,191,room,4
3252,191,among,5
3253,191,her,3
3254,191,own,3
3255,191,people,6
3256,192,a,1
3257,192,feeling,7
3258,192,of,2
3259,192,joy,3
3260,192,and,3
3261,192,happiness,9
3262,192,suddenly,8
3263,192,came,4
3264,192,over,4
3265,192,her,3
3266,192,she,3
3267,192,pressed,7
3268,192,her,3
3269,192,hands,5
3270,192,to,2
3271,192,her,3
3272,192,temples,7
3273,192,in,2
3274,192,an,2
3275,192,ecstacy,7
3276,192,and,3
3277,192,called,6
3278,192,softly,6
3279,192,beseechingly,12
3280,192,mother,6
3281,193,and,3
3282,193,she,3
3283,193,began,5
3284,193,crying,6
3285,193,she,3
3286,193,did,3
3287,193,not,3
3288,193,know,4
3289,193,why,3
3290,194,just,4
3291,194,at,2
3292,194,that,4
3293,194,instant,7
3294,194,hanov,5
3295,194,drove,5
3296,194,up,2
3297,194,with,4
3298,194,his,3
3299,194,team,4
3300,194,of,2
3301,194,four,4
3302,194,horses,6
3303,194,and,3
3304,194,seeing,6
3305,194,him,3
3306,194,she,3
3307,194,imagined,8
3308,194,happiness,9
3309,194,such,4
3310,194,as,2
3311,194,she,3
3312,194,had,3
3313,194,never,5
3314,194,had,3
3315,194,and,3
3316,194,smiled,6
3317,194,and,3
3318,194,nodded,6
3319,194,to,2
3320,194,him,3
3321,194,as,2
3322,194,an,2
3323,194,equal,5
3324,194,and,3
3325,194,a,1
3326,194,friend,6
3327,194,and,3
3328,194,it,2
3329,194,seemed,6
3330,194,to,2
3331,194,her,3
3332,194,that,4
3333,194,her,3
3334,194,happiness,9
3335,194,her,3
3336,194,triumph,7
3337,194,was,3
3338,194,glowing,7
3339,194,in,2
3340,194,the,3
3341,194,sky,3
3342,194,and,3
3343,194,on,2
3344,194,all,3
3345,194,sides,5
3346,194,in,2
3347,194,the,3
3348,194,windows,7
3349,194,and,3
3350,194,on,2
3351,194,the,3
3352,194,trees,5
3353,195,her,3
3354,195,father,6
3355,195,and,3
3356,195,mother,6
3357,195,had,3
3358,195,never,5
3359,195,died,4
3360,195,she,3
3361,195,had,3
3362,195,never,5
3363,195,been,4
3364,195,a,1
3365,195,schoolmistress,14
3366,195,it,2
3367,195,was,3
3368,195,a,1
3369,195,long,4
3370,195,tedious,7
3371,195,strange,7
3372,195,dream,5
3373,195,and,3
3374,195,now,3
3375,195,she,3
3376,195,had,3
3377,195,awakenedvassilyevna,19
3378,195,get,3
3379,195,in,2
3380,196,and,3
3381,196,at,2
3382,196,once,4
3383,196,it,2
3384,196,all,3
3385,196,vanished,8
3386,197,the,3
3387,197,barrier,7
3388,197,was,3
3389,197,slowly,6
3390,197,raised,6
3391,198,marya,5
3392,198,vassilyevna,11
3393,198,shivering,9
3394,198,and,3
3395,198,numb,4
3396,198,with,4
3397,198,cold,4
3398,198,got,3
3399,198,into,4
3400,198,the,3
3401,198,cart,4
3402,199,the,3
3403,199,carriage,8
3404,199,with,4
3405,199,the,3
3406,199,four,4
3407,199,horses,6
3408,199,crossed,7
3409,199,the,3
3410,199,railway,7
3411,199,line,4
3412,199,semyon,6
3413,199,followed,8
3414,199,it,2
3415,200,the,3
3416,200,signalman,9
3417,200,took,4
3418,200,off,3
3419,200,his,3
3420,200,cap,3
3421,201,and,3
3422,201,here,4
3423,201,is,2
3424,201,vyazovye,8
3425,202,here,4
3426,202,we,2
3427,202,are,3
